ID,text,GENDER,AGE
abe49db0486af378f76216d1e1e325ed,Prepare your steel anus,0,0
abe49db0486af378f76216d1e1e325ed,Can?t get it right since I met you,0,0
abe49db0486af378f76216d1e1e325ed,http://t.co/6krzmd4tHx Revenge will surely come Your hard times are ahead,0,0
abe49db0486af378f76216d1e1e325ed,Motivacion nivel Butterflies and Hurricanes,0,0
abe49db0486af378f76216d1e1e325ed,Puala con photoshop no pls,0,0
abe49db0486af378f76216d1e1e325ed,Nova Baby+Mind Eraser &lt;3333333,0,0
abe49db0486af378f76216d1e1e325ed,"BRIAN, TOP MARKS FOR NOT TRYIN!",0,0
abe49db0486af378f76216d1e1e325ed,Crawlin' back to you.,0,0
abe49db0486af378f76216d1e1e325ed,"Humble Jumbo Bundle: Name your price, support charity &amp; get 9 amazing games! https://t.co/TevIxK4822 v?a @humble",0,0
abe49db0486af378f76216d1e1e325ed,@Esther_Perspi uoohhh gitano ronaldoooo,0,0
abe49db0486af378f76216d1e1e325ed,Wow such nice internet u got there wow,0,0
abe49db0486af378f76216d1e1e325ed,WOW NICE TWEETING OVER THERE,0,0
abe49db0486af378f76216d1e1e325ed,@forameus_ the game?,0,0
abe49db0486af378f76216d1e1e325ed,wow nice doge such beautiful,0,0
abe49db0486af378f76216d1e1e325ed,@ClaraFlonesPudd wow many quick such adorable,0,0
abe49db0486af378f76216d1e1e325ed,@falloutcloser siegaso,0,0
abe49db0486af378f76216d1e1e325ed,@falloutcloser si me llevases a independance...,0,0
abe49db0486af378f76216d1e1e325ed,Help me get more points for my Amazon gift card! Download this http://t.co/YExPELln9u on your Android and input my invitation code p1789741,0,0
abe49db0486af378f76216d1e1e325ed,@Carmen_White95 @ALEXBALLER13 os conociais? Wtf?,0,0
abe49db0486af378f76216d1e1e325ed,@Carmen_White95 @ALEXBALLER13 yep xdd,0,0
abe49db0486af378f76216d1e1e325ed,Help me get more points for my Amazon gift card! Download this http://t.co/YExPELln9u on your Android and input my invitation code p1789741,0,0
abe49db0486af378f76216d1e1e325ed,Help me get more points for my Amazon gift card! Download this  http://t.co/YExPELln9u on your Android and input my invitation code p1789741,0,0
abe49db0486af378f76216d1e1e325ed,HABEIS CAGADO TODOS YA?,0,0
abe49db0486af378f76216d1e1e325ed,"I'm just a men, I'm not a hero",0,0
abe49db0486af378f76216d1e1e325ed,@e_platypusdream t raho,0,0
c2af9737c11c39355bfe3641c70b6308,FXBG's BIG Thanksgiving Dinner Show at the Courtyard by Marriott Fredericksburg Historic District is coming up on... http://t.co/qka0gcf25b,0,0
c2af9737c11c39355bfe3641c70b6308,http://t.co/Nj502POJ9o,0,0
c2af9737c11c39355bfe3641c70b6308,joe.,0,0
c2af9737c11c39355bfe3641c70b6308,"Anita King knows Ms. Gantt. If we can help her, let's do it! http://t.co/l55vy1WBws",0,0
c2af9737c11c39355bfe3641c70b6308,http://t.co/gFwPuCn1p8,0,0
c2af9737c11c39355bfe3641c70b6308,Tuesday. ... http://t.co/Y341XAIwDe,0,0
c2af9737c11c39355bfe3641c70b6308,Tuesday redux. http://t.co/vSSGXODEzo,0,0
c2af9737c11c39355bfe3641c70b6308,Hoping for a special front-of-the-line passes to the American's Got Talent audition!  http://t.co/SeORIq5C3Q http://t.co/eSkeHVPnWf,0,0
c2af9737c11c39355bfe3641c70b6308,"How to Listen to Your Heart, Even If Your Mind Disagrees - Purpose Fairy http://t.co/808Bh1sStm",0,0
c2af9737c11c39355bfe3641c70b6308,Joe Williams / Count Basie If I Could Be With You Memories Ad-Lib 1958 http://t.co/I3UUOXUEJt,0,0
c2af9737c11c39355bfe3641c70b6308,Fredericksburg Courtyard http://t.co/CRqrThik91,0,0
c2af9737c11c39355bfe3641c70b6308,Coffee Break! !! http://t.co/vxThbBh3h4,0,0
c2af9737c11c39355bfe3641c70b6308,Yes. http://t.co/98Nn4xBdmj,0,0
c2af9737c11c39355bfe3641c70b6308,Aye Aye Aye Aye http://t.co/w5wx81IeEH,0,0
c2af9737c11c39355bfe3641c70b6308,"From Fred Barton.  I could not resist.  It is in my top five musical scenes. Thanks, Fred http://t.co/6x6C1iJleG",0,0
b1fb941b06bd75d0984ebd88f90f30dc,@RakkAttackk Be happy that they aren't working you from day 1!,0,0
b1fb941b06bd75d0984ebd88f90f30dc,"@katiedel LOL, cool, I'm looking forward to it working.",0,0
b1fb941b06bd75d0984ebd88f90f30dc,@drewwilson @gmph @dialoggs is that all? =)  looking forward to it!,0,0
b1fb941b06bd75d0984ebd88f90f30dc,"@tchaten Well you are seeing ramifications now. If I tell you I am gonna sock u in the face last week, it hurts a lot more when I do it 2day",0,0
b1fb941b06bd75d0984ebd88f90f30dc,@atjamie @erikamkay but how did that person send you a text with a dead phone? I am calling iPhone with either mac or iPad iMessage. No?,0,0
b1fb941b06bd75d0984ebd88f90f30dc,@juviwhale ANOTHER BARAKA! Oh no!!!!,0,0
b1fb941b06bd75d0984ebd88f90f30dc,@BrianNorgard you are not alone my friend.  Check it out: http://t.co/u5l4BxGJ,0,0
b1fb941b06bd75d0984ebd88f90f30dc,@atjamie lol. It's not that bad is it???,0,0
b1fb941b06bd75d0984ebd88f90f30dc,@bryanmwolfe easiest money of your life,0,0
b1fb941b06bd75d0984ebd88f90f30dc,@AndyNico_ FINALLY! I was shocked by your previous decision. Welcome back!,0,0
b1fb941b06bd75d0984ebd88f90f30dc,@kimkimcachoo @andynico_  lol. Yes you will be welcomed to the club too!,0,0
b1fb941b06bd75d0984ebd88f90f30dc,@RakkAttackk NOOOOO!  Are you kidding me. Freaking Tamme,0,0
b1fb941b06bd75d0984ebd88f90f30dc,@BrentDirks WOW. That is crazy!,0,0
b1fb941b06bd75d0984ebd88f90f30dc,@reneritchie Can you preorder for a different carrier and port your number without ever walking into a store and getting new iPhone shipped,0,0
b1fb941b06bd75d0984ebd88f90f30dc,"@asronline @atjamie @christyxcore COOL! Now you can airplay movies on TV, make awesome keynotes for class, &amp; run it for next 10 yrs! Oh wait",0,0
bfce6ae57311e3589133b9f7b0fddd2e,Ciao ofi.. 3..2..1.. VACACIONES!!!!!!!!!!!!  @ Dext HQ http://t.co/aD67F5Tg,0,0
bfce6ae57311e3589133b9f7b0fddd2e,@neryeah gracias Nere!!! Besotesss!!,0,0
bfce6ae57311e3589133b9f7b0fddd2e,"Entrevista a Alex Dolara, CEO de Karmacracy | Mis Apis Por Tus Cookies - http://t.co/fg8Wsg7o #gamification",0,0
bfce6ae57311e3589133b9f7b0fddd2e,@rofeva Cu?auuuu!!! Welcome to #twitter!! Que tu hermano @IvantxoF te d? unas clasecillas y a twitearlo todo xD Te falta foto! Un besotee ;),0,0
bfce6ae57311e3589133b9f7b0fddd2e,"Ejemplos de #gamification: Nike , Waze, Samsung Nation y Bokzuy - http://t.co/mTpbhen6 - via @wonnovacom",0,0
bfce6ae57311e3589133b9f7b0fddd2e,?am?am!! :P RT @JoseAngelCano: Welcome Sam! :) RT @wonnovacom: Ou yeah! ;) RT @sgeuter: It's sushi time at Wonnova HQ http://t.co/HlbJox6r,0,0
bfce6ae57311e3589133b9f7b0fddd2e,"Learning is just another word for fun, under optimal conditions [Case Study] | Gamifeye http://t.co/oSFiVbNV via @gamifeye",0,0
bfce6ae57311e3589133b9f7b0fddd2e,The Wide World of #Coffee: How to make every coffee drink you've ever wanted. http://t.co/6sdm9Edo Os gustar? @JoseAngelCano y @Javiieer2 :P,0,0
bfce6ae57311e3589133b9f7b0fddd2e,Becas The Valley Digital Business School a emprendedores - http://t.co/ZEuXCyLBZx #Gamification #Educaci?n,0,0
bfce6ae57311e3589133b9f7b0fddd2e,20 Animated Moments to Make You Smile http://t.co/NsFzSrFfjZ @disney #Mooolaaa,0,0
bfce6ae57311e3589133b9f7b0fddd2e,How Employee Referrals Can Impact Your Employer Brand [INFOGRAPHIC] http://t.co/lFwvL6d3bG,0,0
bfce6ae57311e3589133b9f7b0fddd2e,Yummyyy!!! (@ Starbucks Coffee - @starbucks_es w/ 3 others) [pic]: http://t.co/ecc1bYyQYu,0,0
bfce6ae57311e3589133b9f7b0fddd2e,@Javiieer2 Jo.. pues sorry.. :'(,0,0
bfce6ae57311e3589133b9f7b0fddd2e,Bye bye cordobita.. Next station..GRANADA!!!! (@ Cordoba Capital) http://t.co/VdEL0WHML2,0,0
bfce6ae57311e3589133b9f7b0fddd2e,Ebook gratuito: 100  Herramientas ?tiles para Community Managers - http://t.co/UwJx7XKe1c via @elsabonafonte,0,0
297e1f14aadd1f4bec0c5c4cf41dcc5e,I've decided to create an e-book that will help you organize a healthy pantry and kitchen with 3 major bonuses http://t.co/jYo4xmGD,0,0
297e1f14aadd1f4bec0c5c4cf41dcc5e,"Is slicing, dicing and chopping vegetables a chore?",0,0
297e1f14aadd1f4bec0c5c4cf41dcc5e,"Let me help you prepare delicious meals your family will love, faster and easier. Join us on Sept 20th....",0,0
297e1f14aadd1f4bec0c5c4cf41dcc5e,Dr. William Li Serves TED Cancer Prevention Tips on a Plate - Tonic http://bit.ly/9bInRt,0,0
297e1f14aadd1f4bec0c5c4cf41dcc5e,"Are you ready to enjoy mouth watering, yet inexpensive meals AND spend more time with your family? Then don't miss out on this......",0,0
297e1f14aadd1f4bec0c5c4cf41dcc5e,Disturbing to you? It should be! Second Hand Smoke Exposure Raises Kindergartners' Blood Pressure http://t.co/fhHWn2S via @TIMEHealthland,0,0
297e1f14aadd1f4bec0c5c4cf41dcc5e,Health Benefits of Garlic  http://t.co/BaOK3Ds7,0,0
297e1f14aadd1f4bec0c5c4cf41dcc5e,What Exactly IS a Healthy Lifestyle? http://t.co/D09g4YPa,0,0
297e1f14aadd1f4bec0c5c4cf41dcc5e,Added Sugar May Raise Cholesterol in Teens http://t.co/0b53rPc,0,0
297e1f14aadd1f4bec0c5c4cf41dcc5e,http://healthland.time.com/2010/09/23/study-america-is-officially-the-fattest-developed-country-in-the-world/,0,0
297e1f14aadd1f4bec0c5c4cf41dcc5e,"If you struggle w/ your weight, I will give you a FREE 1 hr consultation. Visit http://www.SharonWegner.com & fill out a health history form",0,0
297e1f14aadd1f4bec0c5c4cf41dcc5e,Carrageenan: Yes or No? - Dr. Weil's Weekend Tip http://t.co/1r8MSQuj,0,0
297e1f14aadd1f4bec0c5c4cf41dcc5e,Study: Can a Veggie-Rich Diet Make You More Beautiful? http://t.co/4WJz1ke via @TIMEHealthland,0,0
297e1f14aadd1f4bec0c5c4cf41dcc5e,"Check this video out -- TEDxNextGenerationAsheville 2010 - Birke Baehr - ""What's Wrong With Our ... http://t.co/gWJTnQq via @youtube",0,0
297e1f14aadd1f4bec0c5c4cf41dcc5e,FDA refuses to require labeling of genetically modified salmon http://bit.ly/cCbG5l via @AddToAny,0,0
2c9b6fb4596f2060d4912bbb765fc6b9,I have never had a glass of milk. This makes me feel better ... Got Proof? Lack of Evidence for Milk's Benefits http://t.co/Vdogm6yABG,0,0
2c9b6fb4596f2060d4912bbb765fc6b9,"I feel like Summer's Eve missed its ""Oreo moment"" with the #Texas legislature Friday. ""How many DBs does it take to ..."" and solicit tweets.",0,0
2c9b6fb4596f2060d4912bbb765fc6b9,.RT @perryhewitt: Is LinkedIn silently drawing what might be the first global economic graph? http://t.co/V28NCHWKYo,0,0
2c9b6fb4596f2060d4912bbb765fc6b9,The Chad Capellman Daily is out! http://t.co/7QTtEH3Wco ? Top stories today via @kailanikm,0,0
2c9b6fb4596f2060d4912bbb765fc6b9,"I turn 40 soon. Amazed at how forward &amp; backward we've come as a country in that time. If this was a car, the transmission would be toast.",0,0
2c9b6fb4596f2060d4912bbb765fc6b9,"Florida, go to your room.",0,0
2c9b6fb4596f2060d4912bbb765fc6b9,The only solace I am taking in the #TrayvonMartin #ZimmermanTrial outcome is that I have Dave Chappelle tickets.,0,0
2c9b6fb4596f2060d4912bbb765fc6b9,Never a bad time here ... (@ Toad w/ 2 others) http://t.co/TZPUobSuYi,0,0
2c9b6fb4596f2060d4912bbb765fc6b9,Tonight is a good reminder of the difference between innocent and not guilty.,0,0
2c9b6fb4596f2060d4912bbb765fc6b9,"""Stoned cavemen"" I needed to hear those words today. Now Barney Rubble's laugh takes on a whole new meaning. http://t.co/4P0UvqZrqV",0,0
2c9b6fb4596f2060d4912bbb765fc6b9,The Chad Capellman Daily is out! http://t.co/7QTtEH3Wco,0,0
2c9b6fb4596f2060d4912bbb765fc6b9,"I'm at Shakespeare on the Common - @commshakes (Boston, MA) w/ 20 others http://t.co/L9Bnrjbycl",0,0
2c9b6fb4596f2060d4912bbb765fc6b9,"It's fixin' to be really ""hot"" in #Boston today. So cute. Where's my not-iced coffee?",0,0
2c9b6fb4596f2060d4912bbb765fc6b9,The Chad Capellman Daily is out! http://t.co/7QTtEH3Wco ? Top stories today via @GloPan,0,0
2c9b6fb4596f2060d4912bbb765fc6b9,"Blame States For Not Expanding Medicaid, Obama Administration Will Tell Poor Residents: via HuffPost http://t.co/onlf8JJsXO",0,0
f343ac1a649ec733b717010b42dfbe52,"I'm at BBVA Compass Stadium for Real Salt Lake Real Salt Lake vs Houston Dynamo (Houston, TX) w/ 69 others http://t.co/6g2ZWtSQ",0,0
f343ac1a649ec733b717010b42dfbe52,@eloy Phil and I have this theory that Google uses your phone microphone to monitor conversations for keywords to serve ads #conspiracy,0,0
f343ac1a649ec733b717010b42dfbe52,Probably the best website I've seen that does event ticket sales: http://t.co/XPUgrT5B #awesome #ui #love,0,0
f343ac1a649ec733b717010b42dfbe52,"Kanye West, Big Sean &amp; Jay Z - Clique (Prod. Hit Boy) on @hypem http://t.co/JkFlV6iM  #inspiration #worknight",0,0
f343ac1a649ec733b717010b42dfbe52,Trimming a palm tree sometimes means angering a wasp family.  Wasps 3 - 0 Will.  On a related note: my face hurts. #yardworkdangers,0,0
f343ac1a649ec733b717010b42dfbe52,"@eloy you'll see me tomorrow.  Besides I'd much rather see a video in slow-motion.  Hmmm, must invest in backyard cameras.",0,0
f343ac1a649ec733b717010b42dfbe52,"I'm at West Elm (Houston, TX) w/ 2 others http://t.co/b2r4MA03",0,0
f343ac1a649ec733b717010b42dfbe52,"I'm at Restoration Hardware Houston Gallery (Houston, TX) http://t.co/MPTKK3tI",0,0
f343ac1a649ec733b717010b42dfbe52,Finished off my first propane tank on the grill today.  Apparently a tank lasts me 3 months of grilling satisfaction,0,0
f343ac1a649ec733b717010b42dfbe52,@rebecca_88 but customer parking is like 10 spaces... #joy,0,0
f343ac1a649ec733b717010b42dfbe52,@bandnerd330 #lame pinterest/twitter hack :),0,0
f343ac1a649ec733b717010b42dfbe52,"Hey @42Floors help me find an office in Houston, TX! http://t.co/gmDPsOTz",0,0
f343ac1a649ec733b717010b42dfbe52,@frontpoint Any word on the interaction designer #job?,0,0
f343ac1a649ec733b717010b42dfbe52,"@frontpoint Hmm, I sent it to jobs@frontpointsecurity on the 27th. That works out for me though(forgot to add 1 thing). I'll resend tonight!",0,0
f343ac1a649ec733b717010b42dfbe52,@frontpoint Sent! :),0,0
33854509cd2f5c3e112ae3ab148bc35c,Drinking a Dortmunder Gold by @GLBC_Cleveland @ Joey's Italian Grille  http://t.co/rqhGSP96T2,0,0
33854509cd2f5c3e112ae3ab148bc35c,I just earned the 'Lager Jack (Level 3)' badge on @untappd! http://t.co/Ybv2xWVBzA,0,0
33854509cd2f5c3e112ae3ab148bc35c,"Today stats: 5 followers, 5 unfollowers via http://t.co/UefNkOjFw7",0,0
33854509cd2f5c3e112ae3ab148bc35c,Spreading Social News is out! http://t.co/ovU9Ii2LRt ? Top stories today via @NathanLattanzi @JayGilmore @anyadowning,0,0
33854509cd2f5c3e112ae3ab148bc35c,"Today stats: 5 followers, 3 unfollowers via http://t.co/UefNkOjFw7",0,0
33854509cd2f5c3e112ae3ab148bc35c,Spreading Social News is out! http://t.co/ovU9Ii2LRt ? Top stories today via @RobQuigley,0,0
33854509cd2f5c3e112ae3ab148bc35c,NFL PHI - QB Nick Foles completed 6-of-17 passes for 63 yds in 1st half of preseason finale vs. Jets (ESPN) http://t.co/2Z2hZPjbKh,0,0
33854509cd2f5c3e112ae3ab148bc35c,NFL PHI - Rookie QB Matt Barkley 13-of-27 for 134 yds with INT in 2nd half of preseason finale vs. Jets (ESPN) http://t.co/NxWg0NpIh0,0,0
33854509cd2f5c3e112ae3ab148bc35c,"NFL - Redskins QB Robert Griffin III tweets that he has been ""cleared"" to play season opener vs. Eagles (ESPN) http://t.co/Lgfm4QKclO",0,0
33854509cd2f5c3e112ae3ab148bc35c,Thanks @LaughNYC @afabbiano for being top new followers in my community this week :) | insight by http://t.co/qg3A2lBBs6,0,0
33854509cd2f5c3e112ae3ab148bc35c,"NFL PHI - Eagles release 12 players, including Chip Kelly's former QB at Oregon Dennis Dixon (ESPN) http://t.co/0b0FKvF3hQ",0,0
33854509cd2f5c3e112ae3ab148bc35c,Drinking an Oberon Ale by @BellsBrewery @ Liberty Union Bar &amp; Grille  http://t.co/h0PAz97yh6,0,0
33854509cd2f5c3e112ae3ab148bc35c,Drinking an IPA by @lagunitasT @ Liberty Union Bar &amp; Grille  http://t.co/ZR9QxDQ307,0,0
33854509cd2f5c3e112ae3ab148bc35c,"Today stats: 5 followers, 6 unfollowers and followed 2 people via http://t.co/UefNkOjFw7",0,0
33854509cd2f5c3e112ae3ab148bc35c,Spreading Social News is out! http://t.co/ovU9Ii2LRt ? Top stories today via @madSMscientist,0,0
9fc6f6e688ae6bcee3b0d49b33d8173c,This is what's left of the cake which had to undergo emergency surgery http://t.co/LBTZtHIpih,0,0
9fc6f6e688ae6bcee3b0d49b33d8173c,Seems that storm was somewhat over egged then....,0,0
9fc6f6e688ae6bcee3b0d49b33d8173c,@julienisbet she's a cutie though,0,0
9fc6f6e688ae6bcee3b0d49b33d8173c,Is it normal for your hips to actually creek as you walk up the stairs?,0,0
9fc6f6e688ae6bcee3b0d49b33d8173c,Oops. Left my phone in the car this morning and only just noticed. Went back to retrieve it and poor thing had been ringing its head off,0,0
9fc6f6e688ae6bcee3b0d49b33d8173c,@adwatson1984 is this an Andy audit or a Craig audit ? #justwondering,0,0
9fc6f6e688ae6bcee3b0d49b33d8173c,Double workout today. 3 mile run at lunch time plus an hour circuit training. Blimey I'm becoming one of 'them',0,0
9fc6f6e688ae6bcee3b0d49b33d8173c,Walked into a bush FFS,0,0
9fc6f6e688ae6bcee3b0d49b33d8173c,@waynebarrigan @julienisbet I haven't but I always like a new challenge,0,0
9fc6f6e688ae6bcee3b0d49b33d8173c,@RuthStapleton which Boney M are we talking here?,0,0
9fc6f6e688ae6bcee3b0d49b33d8173c,"@sirhappyfeet @RuthStapleton Boney M performed live at my graduation ball. Cool, I know",0,0
9fc6f6e688ae6bcee3b0d49b33d8173c,@RuthStapleton @sirhappyfeet well it was a good few years ago,0,0
9fc6f6e688ae6bcee3b0d49b33d8173c,@RuthStapleton I know Ruth. @sirhappyfeet doesn't appreciate good music that's all,0,0
9fc6f6e688ae6bcee3b0d49b33d8173c,Hey @sirhappyfeet leading your daughter astray http://t.co/IV3yUIipel,0,0
9fc6f6e688ae6bcee3b0d49b33d8173c,I need @babynisbet to help me play blackjack mire often. I started with ?10 only 15 mins ago. Tripled it http://t.co/vAGbXyRt6A,0,0
b78909db58dc7601415b8a9a1642e062,"@dublinbusnews 1, 47, 56a, 77a all bringing you up the side of it via Pearse street.",0,0
b78909db58dc7601415b8a9a1642e062,I'm sitting in a doctor's office where the clock hasn't been put back yet. They went back 10 days ago! My faith in this doc is dwindling.,0,0
b78909db58dc7601415b8a9a1642e062,"In bed at 10pm because of a chest infection... Seriously dude, you used to be cool.",0,0
b78909db58dc7601415b8a9a1642e062,Sorry @nerdist it took the Genie App 60 questions to guess it was you. http://t.co/UFi4Z8mmEl,0,0
b78909db58dc7601415b8a9a1642e062,Super excited about the next few weeks at work. A new adventure is about to begin.,0,0
b78909db58dc7601415b8a9a1642e062,"Phew, it's finally the weekend again. Time to sleep like there's no tomorrow. Though I'm kinda hoping there is... I have plans.",0,0
b78909db58dc7601415b8a9a1642e062,@danpgomez DPG follows me :D yay. Consider yourself followed back sir.,0,0
b78909db58dc7601415b8a9a1642e062,"@danpgomez Lol, now if I had those I'd definitely have fantastic workflow.",0,0
b78909db58dc7601415b8a9a1642e062,"What? Why? ... What? MT:@MacRumors: Apple Maps Significantly More Popular Than All Other iOS Map Apps, Inc Google http://t.co/0WDvpGSbUC",0,0
b78909db58dc7601415b8a9a1642e062,"@Golden_Gaytime yep, never underestimate the power of laziness.",0,0
b78909db58dc7601415b8a9a1642e062,"@robinscreech4 oh god no, it's still awful.",0,0
b78909db58dc7601415b8a9a1642e062,Ok time put away the wok emails etc for the evening Alan. Time to watch Agents of S.H.I.E.L.D.,0,0
b78909db58dc7601415b8a9a1642e062,@danpgomez Tahiti is a magical place ;),0,0
b78909db58dc7601415b8a9a1642e062,"Nice ""The original copy (by @teekenng)"" https://t.co/77k2XHl93J",0,0
b78909db58dc7601415b8a9a1642e062,Finally have my iPhone 5s in Kardashian Gold. #DollarBills,0,0
26216e7c7acc8f265ebe3140ccdebf50,Social web and multiple personality disorder | https://t.co/Awl4r9G6Ps,0,0
26216e7c7acc8f265ebe3140ccdebf50,Technology and old wives tales | https://t.co/br9fBSdxnR,0,0
26216e7c7acc8f265ebe3140ccdebf50,Put that on everything :-) http://t.co/Rb2DX9UW3M,0,0
26216e7c7acc8f265ebe3140ccdebf50,"Esta portada de @DerSPIEGEL es MUY, MUY, MUY IMPORTANTE... http://t.co/Wv6tHb90G7",0,0
26216e7c7acc8f265ebe3140ccdebf50,"The great lie, my column in Expansi?n | https://t.co/PkmjOnAefm",0,0
26216e7c7acc8f265ebe3140ccdebf50,Comparisons are odious? | https://t.co/JcZY9LgTD1,0,0
26216e7c7acc8f265ebe3140ccdebf50,?Estamos preparados para esto? | http://t.co/8D5NW4wCxi,0,0
26216e7c7acc8f265ebe3140ccdebf50,"Americans, be aware: this is an extremely important cover story | https://t.co/LRcQP9QaV2",0,0
26216e7c7acc8f265ebe3140ccdebf50,The all-seeing eye: are you ready for this? on @Medium | https://t.co/ZmTFioRfGS,0,0
26216e7c7acc8f265ebe3140ccdebf50,"Metrics, social networks and simplistic interpretations, on @Medium | https://t.co/BLYeMljK88",0,0
26216e7c7acc8f265ebe3140ccdebf50,"The Obamacare syndrome, in Expansi?n | https://t.co/LzQsffhK6J",0,0
26216e7c7acc8f265ebe3140ccdebf50,"Some thoughts on Instagrams first ad, on @Medium | https://t.co/wifMR3IYvI",0,0
26216e7c7acc8f265ebe3140ccdebf50,Calcula cu?nto dinero te debe @Twitter... | http://t.co/FAQiU5LgCG,0,0
26216e7c7acc8f265ebe3140ccdebf50,"The wealth of ideas, de @jorendewachter, un libro sumamente recomendable (gracias, @ramonsuarez :-) | http://t.co/r6k1X9WfbH",0,0
26216e7c7acc8f265ebe3140ccdebf50,Sniff... :-( http://t.co/SFRaQVjFES,0,0
c620c775ab412f38809d02fddff8bbd9,Is there a better PG than S.Rodriguez right now? And I mean all around the world...,0,0
c620c775ab412f38809d02fddff8bbd9,"@sJacas: Efes PnR D vulnerable to lobs (strong in other areas). Wrote about it last yr (http://t.co/j63KP6wlGh)"" Really interesting post",0,0
c620c775ab412f38809d02fddff8bbd9,@rodhig7 Watching a game which I already read before... Your Partizan's spacing article is really accurate.,0,0
c620c775ab412f38809d02fddff8bbd9,@sJacas @georgerowland Bayern trying to ride Staiger's hot hand almost worked except for his last airball...,0,0
c620c775ab412f38809d02fddff8bbd9,@sJacas  #QFAAG what do you think about eFG% related to number of passes + shotclock seconds spent? Does it make sense for you?,0,0
c620c775ab412f38809d02fddff8bbd9,"@sJacas ""v"" for ""very"" now I get it... I'll have to review the Harvard Statistics110 lectures first...",0,0
c620c775ab412f38809d02fddff8bbd9,@sannti Let's get a link to watch that game live! #teamwork,0,0
c620c775ab412f38809d02fddff8bbd9,@lloydgar I wouldn't hesitate to sign him. He's top level IMO. Euroleague level I'd say. He's got the whole package. We'll see...,0,0
c620c775ab412f38809d02fddff8bbd9,Euroleague handball? Smh,0,0
c620c775ab412f38809d02fddff8bbd9,CSKA managed pretty well team fouls to close the second quarter. Which by the way was way better than the first.,0,0
c620c775ab412f38809d02fddff8bbd9,Thinking about a pts per ball screen (made/allowed) stat @sJacas #QFAAG,0,0
c620c775ab412f38809d02fddff8bbd9,@georgerowland @sJacas Points off 0 - 1 - 2 passes after a ball screen is set?,0,0
c620c775ab412f38809d02fddff8bbd9,"@georgerowland: @sannti @rjmbasket08 @sJacas New system, called GeorgeVU,I watch the game and note down with a pencil"" HIRED.Right attitude",0,0
c620c775ab412f38809d02fddff8bbd9,"@rodhig7 @georgerowland @sJacas That's up to the coach, but related to lineups to begin with: This two guys running a P&amp;R whitin lineup X...",0,0
c620c775ab412f38809d02fddff8bbd9,"@georgerowland @rodhig7 @sJacas How hot it would be to know what's better, pick and pop or pick and roll within different sets/lineups...",0,0
de7e55fd9dd7958af66476b841e9083c,Come see the hottest interaction design talent around at the #CIID end of year exhibition. http://t.co/2JXxtn1yZB,0,0
de7e55fd9dd7958af66476b841e9083c,@CIIDnews: 20 Students - 13 Countries. CIID invites you to join us for the end-of-year exhibition: http://t.co/z9x0OONgNt,0,0
de7e55fd9dd7958af66476b841e9083c,Experimenting with AMAZING CIID students! #ciid http://t.co/HkNUrvO4Un,0,0
de7e55fd9dd7958af66476b841e9083c,"A hugely inspirational video about interviewing people while they run. by @goodgym #theunners
http://t.co/0PEYo1Vzfr",0,0
de7e55fd9dd7958af66476b841e9083c,long awaited news update on http://www.eilidhdickson.co.uk,0,0
de7e55fd9dd7958af66476b841e9083c,Worst. Idea. Ever http://t.co/eYob7mahHG,0,0
de7e55fd9dd7958af66476b841e9083c,November is over. December challenge begins: Run.every.day.,0,0
de7e55fd9dd7958af66476b841e9083c,"""We bring novelty in the way we do things"" #simonamaschi #ciid @CIIDnews",0,0
de7e55fd9dd7958af66476b841e9083c,"Good food for thought at the CIID exams ""What's an emotional or behavioral prototype"" @mrettig",0,0
de7e55fd9dd7958af66476b841e9083c,final project on servicedesigntools http://servicedesigntools.org/tools/35,0,0
de7e55fd9dd7958af66476b841e9083c,"@PaddyStevenson we think, by charles leadbeater or the classic....one of don normans books.",0,0
de7e55fd9dd7958af66476b841e9083c,updating portfolio with Novo project,0,0
de7e55fd9dd7958af66476b841e9083c,Off to madrid to help teach design processes/methods/prototyping :),0,0
de7e55fd9dd7958af66476b841e9083c,house hunting...for the first time in 15 months in Copenhagen..I obviously been too lucky before,0,0
de7e55fd9dd7958af66476b841e9083c,"India for 16 days, see you soon copenhagen",0,0
1618592601b9f3d9b1653446c8375d3b,8 Topics Guaranteed to Drive Every Good SEO Consultant Mad - Search Engine Journal: 8 Topics Gua... http://t.co/j27Zt4uLxx #seo #content,0,0
1618592601b9f3d9b1653446c8375d3b,http://t.co/shmp6GJLQp Celebrates Five-Year Milestone - PR Web (press release): PressReleaseRev... http://t.co/Z9pya26ddT #seo #content,0,0
1618592601b9f3d9b1653446c8375d3b,Paying bloggers for positive reviews: is it common and is it right? - Econsultancy (blog): Payin... http://t.co/6kL9QJmgKk #seo #content,0,0
1618592601b9f3d9b1653446c8375d3b,What techniques do you use to find writing  #jobs ?,0,0
1618592601b9f3d9b1653446c8375d3b,Content writers need a  #marketing plan not a job finding plan.,0,0
1618592601b9f3d9b1653446c8375d3b,"I am used to working on my #ipad for clients at times, great with a keyboard. So better than laptops.",0,0
1618592601b9f3d9b1653446c8375d3b,I find it useful to be working on varied #writing projects and be flexible.,0,0
1618592601b9f3d9b1653446c8375d3b,Need some quick money for Xmas? My eBook lists sites paying you for articles from today. http://t.co/sSm9l4SwLG #job #freelance #writing,0,0
1618592601b9f3d9b1653446c8375d3b,@arminarlelttho my ebook will help you as it has done for many who now have contracts http://t.co/sSm9l4SwLG,0,0
1618592601b9f3d9b1653446c8375d3b,"@tammys85 so true, it as real as the person pitching for the work. Nice to hear a success story.",0,0
1618592601b9f3d9b1653446c8375d3b,"@Dryedine Plenty around. Google 'write for us' and try SEO firms, they have many projects. http://t.co/sSm9l4SwLG",0,0
1618592601b9f3d9b1653446c8375d3b,@gdorean intrigued... where is the story to read?,0,0
1618592601b9f3d9b1653446c8375d3b,"@KimStrandli I know how that feels. Don't worry, best advice I can give.",0,0
1618592601b9f3d9b1653446c8375d3b,"@aquafeles If you do, and you want a writing job, I can help with info as I help writers on LinkedIn find work.",0,0
1618592601b9f3d9b1653446c8375d3b,5 Must-Watch Google Webmaster Videos for the B2B Marketer - KoMarketing Associates (blog): 5 Mus... http://t.co/gUfaPVkwMv #seo #content,0,0
43f85a858f5a4929afa700cdcdbc1b5b,MT @ESchmidtDesigns: Only 1 in 10 engineers are women. We should probably fix that. @GoldieBlox http://t.co/UzFcC2XsFe,0,0
43f85a858f5a4929afa700cdcdbc1b5b,@mounialalmas speaking @CityUniLondon on Friday at 1:00pm on User Engagement http://t.co/WUYudZ3MkL,0,0
43f85a858f5a4929afa700cdcdbc1b5b,"Visiting @Princeton today for ""Celebrate Princeton Invention"". @YahooLabs is proud to sponsor!",0,0
43f85a858f5a4929afa700cdcdbc1b5b,"@mounialalmas from @YahooLabs  speaking on User Engagement @CityUniLondon today at 1:00pm in A109, College Building",0,0
43f85a858f5a4929afa700cdcdbc1b5b,Wonderful! RT @ddholliday: Room packed for @mounialalmas @cityuni_hcid seminar on user engagement. I should've sold tickets for this.,0,0
43f85a858f5a4929afa700cdcdbc1b5b,"This Friday, @mounialalmas from @YahooLabs speaks at UCL on User Engagement http://t.co/XLInKM249T",0,0
43f85a858f5a4929afa700cdcdbc1b5b,@MLrecruiting4MS @YahooLabs will be there! I have a conflict that week - please look for @MikeSefanov at out booth.,0,0
43f85a858f5a4929afa700cdcdbc1b5b,"@kdd_news: Following #KDD2013, GigaOm's @derrickharris writes about Yahoo's past and future. http://t.co/IdUzGDrRFq Well, kinda...",0,0
43f85a858f5a4929afa700cdcdbc1b5b,"Today! @mounialalmas speaks at UCL on User Engagement. Room 6.12, Malet Place Eng, 1:00pm. http://t.co/XLInKM249T",0,0
43f85a858f5a4929afa700cdcdbc1b5b,@munmun10 Have enjoyed following you from internship to industry to academia - congratulation on the @gtcomputing position!,0,0
43f85a858f5a4929afa700cdcdbc1b5b,Donating to the @VFoundation on #GivingTuesday in gratitude for good health.,0,0
43f85a858f5a4929afa700cdcdbc1b5b,Welcome to the NY Lab! RT @JR_Scally: Great first day at @YahooLabs - ready to build some awesome things!,0,0
43f85a858f5a4929afa700cdcdbc1b5b,#PearlHarbor - the #NeverForget that I grew up with. Sad to see it fading.,0,0
43f85a858f5a4929afa700cdcdbc1b5b,@Pogue where is all they long tail content? I'm still looking for the movie 'Zotz'.,0,0
43f85a858f5a4929afa700cdcdbc1b5b,@arnabdotorg Thanks Arnab - I didn't know this trick!,0,0
edea01cdd2656233f5e6cce3a898f66e,http://t.co/aCF0CxzV7e Just Handed These Two Programmers A Million Dollars http://t.co/1hBHm2pNTv,0,0
edea01cdd2656233f5e6cce3a898f66e,How To Optimize Your Website For Google Glass: Interview With Rob Garner http://t.co/O2AKQWVba9,0,0
edea01cdd2656233f5e6cce3a898f66e,Half of angel investors regret investments they made this year (survey) http://t.co/lDZUUbXSh3,0,0
edea01cdd2656233f5e6cce3a898f66e,Traction vs Growth http://t.co/D9lyXJb0dc,0,0
edea01cdd2656233f5e6cce3a898f66e,@kevindewalt good for ya,0,0
edea01cdd2656233f5e6cce3a898f66e,Google Glass Makes Its Way Into Operating Rooms http://t.co/i3ksngG5ZC,0,0
edea01cdd2656233f5e6cce3a898f66e,"Proud of my team who developed this product.
http://t.co/TIjr5poSIA",0,0
edea01cdd2656233f5e6cce3a898f66e,Proud of being part of this team #YPG #DigitalTransformation http://t.co/wwGiyJ1nFs,0,0
edea01cdd2656233f5e6cce3a898f66e,Facebook Moves Forward With Big Plans for Artificial Intelligence http://t.co/fhoRNWlW8u,0,0
edea01cdd2656233f5e6cce3a898f66e,"Netflix open sources its data traffic cop, Suro http://t.co/58Umucwclq",0,0
edea01cdd2656233f5e6cce3a898f66e,"New Relic, getting IPO ducks in a row, brings on http://t.co/aCF0CxzV7e vet http://t.co/R2P9WD51Jp",0,0
edea01cdd2656233f5e6cce3a898f66e,"Microsoft Researchs social network Socl launches on Android, iOS, and Windows Phone http://t.co/fSROC0P6Ur",0,0
edea01cdd2656233f5e6cce3a898f66e,Facebook hires NYU deep learning expert to run its new AI lab http://t.co/PCnq4OsWW7,0,0
edea01cdd2656233f5e6cce3a898f66e,The Importance of Your Personal Brand and Online Reputation http://t.co/SVBORlOnvn,0,0
edea01cdd2656233f5e6cce3a898f66e,"Report: Facebook Still Dominates Social Sharing, But Pinterest Is Now Tops For Ecommerce http://t.co/rlOXbIRxXO",0,0
46a5cc7c77230718bdd38753f5161489,"""No woman can control her destiny if she doesn't give to herself as much as she gives of herself."" ~Suze Orman",0,0
46a5cc7c77230718bdd38753f5161489,?Qu? bueno!: Women don't need to lead better than men. They need to lead differently. http://t.co/GwNKt79kqn @JMALVPAL,0,0
46a5cc7c77230718bdd38753f5161489,@iamthecosmos ;)),0,0
46a5cc7c77230718bdd38753f5161489,+1.000 RTs La relaxing cup of caf? con leche http://t.co/LH0dKBi1JO @MartaRoblesG,0,0
46a5cc7c77230718bdd38753f5161489,?Censura Twitter los Trending Topics? by @jordi_sanchez,0,0
46a5cc7c77230718bdd38753f5161489,?Censura Twitter los Trending Topics? http://t.co/hbAUeySLVs,0,0
46a5cc7c77230718bdd38753f5161489,"""Don't be arrogant, because arrogance kills curiosity and passion Mina Bissell. @JordiGriful",0,0
46a5cc7c77230718bdd38753f5161489,"People no longer use ""how to"" manuals, they watch a Youtube Demo @briansolis (v?a @JoostTom) #dma13",0,0
46a5cc7c77230718bdd38753f5161489,Showrooming http://t.co/YHubsoSIH1 ?Muy interesante @nachosomalo!,0,0
46a5cc7c77230718bdd38753f5161489,A nations competitiveness is linked to how it educates its women. http://t.co/7gWpYXCSBV v?a @melindagates,0,0
46a5cc7c77230718bdd38753f5161489,#EEC13 en la newsletter de @crunchbase: The EEC is the most disruptive conference of the digital scene in Spain:  http://t.co/eZqt6FkjtG,0,0
46a5cc7c77230718bdd38753f5161489,Google se lanza al ecommerce: Llega Shopping Express http://t.co/8ZPFeaHz7I @nachosomalo,0,0
46a5cc7c77230718bdd38753f5161489,@Emzingo it is @mgdelpozuelo who is in the conference (my sister) ;)),0,0
46a5cc7c77230718bdd38753f5161489,@Rai_Frechi muchas gracias ;)),0,0
46a5cc7c77230718bdd38753f5161489,@curro_lucas @Yolandatwitt ;)),0,0
79d30204180587d3a587ef90f82a4e30,"The reason why Jesus Christ walked on the sea was to demonstrate to Christians that, the things we are afraid of... http://t.co/X15QcgdV4E",0,0
79d30204180587d3a587ef90f82a4e30,"The phrase ""Fear not"" can be found 331 times in the Bible. This is certainly God's daily reminder in a year that... http://t.co/BZJwGdQqld",0,0
79d30204180587d3a587ef90f82a4e30,AGREED! http://t.co/8uPSGyNMN9,0,0
79d30204180587d3a587ef90f82a4e30,"Your Destiny Is Determined by what you do with your hands, so put them to work. There is no substitute for hard... http://t.co/fMbtTx6Mu0",0,0
79d30204180587d3a587ef90f82a4e30,Tell Them!! http://t.co/u99UPIHk7t,0,0
79d30204180587d3a587ef90f82a4e30,"Zinedine Zidane: ""As a complete player, Steven Gerrard is better than Cristiano Ronaldo and Lionel Messi."" #LEADER http://t.co/qYUGTmkm6c",0,0
79d30204180587d3a587ef90f82a4e30,Talking about Business over Hunters... With my Boss. #WorkHard #PlayHard,0,0
79d30204180587d3a587ef90f82a4e30,"""Being ignorant is not so much a shame, as being unwilling to learn."" _ Benjamin Franklin  #Moron #AGREED",0,0
79d30204180587d3a587ef90f82a4e30,Tell Them!! http://t.co/hsY0ITLfsm,0,0
79d30204180587d3a587ef90f82a4e30,"Psychology recommends that, Crush only lasts for a maximum of 4 months. If it exceeds, you're already in love.... http://t.co/zYOH2j0d6K",0,0
79d30204180587d3a587ef90f82a4e30,I Bet!! #AGREED http://t.co/xmfWYq9jZt,0,0
79d30204180587d3a587ef90f82a4e30,"Psychology recommends that, Crush only lasts for a maximum of 4 months. If it exceeds, you're already in love.... http://t.co/7ZijmUYa3P",0,0
79d30204180587d3a587ef90f82a4e30,"""Sheer Bravery is to do things differently irrespective of the status quo - Bravery is not for the weak."" - Isaac Atanley",0,0
79d30204180587d3a587ef90f82a4e30,"""Sheer Bravery is to do things differently irrespective of the status quo - Bravery is not for the weak."" - Isaac Atanley #FEARLESS",0,0
79d30204180587d3a587ef90f82a4e30,Hearts coach David Duncan defends 'slack' second half display http://t.co/wta9JlEmtC,0,0
dcce9e8139eb95370bd18ea589f1ac5a,@petersessum @susan4ps @petersessum @KING5Seattle @KING5NewDayNW,0,0
dcce9e8139eb95370bd18ea589f1ac5a,VolunteerMatch - Meet Sister Lucy in Seattle: help set up Sept 25 in Seattle http://t.co/LLdS4x639k #VolunTweet,0,0
dcce9e8139eb95370bd18ea589f1ac5a,Bollywood fun! Sr Lucy inspiration! TH 9/25 seattle https://t.co/biK0TtNUO8,0,0
dcce9e8139eb95370bd18ea589f1ac5a,http://t.co/0KEYvccQw9 - Sign up now to Meet Sister Lucy in Seattle: Maher&amp;#39;s Model of Hope for Oppressed Women &amp; Children !,0,0
dcce9e8139eb95370bd18ea589f1ac5a,Redmond siblings a dynamic duo fighting for immigration reform http://t.co/v48hA5BMH3 via @SeaGlobalist,0,0
dcce9e8139eb95370bd18ea589f1ac5a,Indian Nun brings fresh approach to domestic violence to Seattle http://t.co/BYtVQxi3NI via @SeaGlobalist,0,0
dcce9e8139eb95370bd18ea589f1ac5a,"Check out ""Compassionate Listening Intensive: Healing the World from the Inside Out"" http://t.co/IEE3JrYQYd via @eventbrite",0,0
dcce9e8139eb95370bd18ea589f1ac5a,Only 1 in 10 engineers are women. We should probably fix that. @goldieblox has 1 idea how. (via @Upworthy) http://t.co/W7xxd4IFfY,0,0
dcce9e8139eb95370bd18ea589f1ac5a,"My life is enhanced as yours will be:""Compassionate Listening -Healing the World from Inside Out"" http://t.co/HyiqUB3Th2 via @eventbrite",0,0
dcce9e8139eb95370bd18ea589f1ac5a,Meet my hero Sister Lucy who  Saves Thousands  from Domestic Violence in India http://t.co/sX64nwUkNr,0,0
dcce9e8139eb95370bd18ea589f1ac5a,Multimedia presentation on launch of Liberia Peacebuilder Initiative Wed May 11 7pm @ University Friends Meeting  - plus drumming!,0,0
dcce9e8139eb95370bd18ea589f1ac5a,"Team Members: volunteer coordinator, outreach, communications http://t.co/Jq2RnOI via @AddThis",0,0
dcce9e8139eb95370bd18ea589f1ac5a,Check out this Meetup with Seattle Transpartisan Alliance http://meetu.ps/2B6RX,0,0
dcce9e8139eb95370bd18ea589f1ac5a,"Checking out ""Compassionate Listening Basic Intensive:  Healing Our World from"" on Compassionate Action Network: http://ning.it/q2XYq2",0,0
dcce9e8139eb95370bd18ea589f1ac5a,This will be an awesome training in compassionate listening:  http://t.co/GbnS189,0,0
c21bc840cbe8b66eaa21f5ee89014837,Good luck to my hubby tonight! We will be cheering from the crowd! @Rob_Connors @MillionSeconds #nyc #MSQ http://t.co/sRkPvPzewA,0,0
c21bc840cbe8b66eaa21f5ee89014837,Are you ready!! @MillionSeconds  #MSQ http://t.co/PYoGQEY1M1,0,0
c21bc840cbe8b66eaa21f5ee89014837,Working outside today.#love #nyc #great #weather. #behindTheScenes #photoshoot #makeup #hair http://t.co/axWuBUzuyW,0,0
c21bc840cbe8b66eaa21f5ee89014837,Beautiful location. #makeup #beauty #hair #behindthescenes #photoshoot http://t.co/urTWBsofEj,0,0
c21bc840cbe8b66eaa21f5ee89014837,In the studio with #gilt today #nyc #makeup #hair #photography #photoshoot http://t.co/D38sAYseCf,0,0
c21bc840cbe8b66eaa21f5ee89014837,#nyc #behindthescenes #photoshoot #makeup #beauty #fashion #photography #gilt http://t.co/AdtbprFrIs,0,0
c21bc840cbe8b66eaa21f5ee89014837,Great shoot today! #glit #VeraWang #Thakoon #nyc #picoftheday http://t.co/LwVPp0V7xS,0,0
c21bc840cbe8b66eaa21f5ee89014837,Shooting #vintage #Chanel today! #gilt #fashion #makeup #hair #nyc,0,0
c21bc840cbe8b66eaa21f5ee89014837,Shooting #vintage #Chanel today! #behindthescenes #photography #makeup #hair #gilt #picoftheday http://t.co/KyAdLMT199,0,0
c21bc840cbe8b66eaa21f5ee89014837,"@annabreslaw Thank you, you made my day.  love the ""before you 25"" article!",0,0
c21bc840cbe8b66eaa21f5ee89014837,#dejavu #photoshoot #photography #studio #makeup #hair #fashion #pickoftheday http://t.co/HVh6eT7jhO,0,0
c21bc840cbe8b66eaa21f5ee89014837,Let's get to work! #photoshoot #photography #fashion #makeup #gilt #pickoftheday http://t.co/1GKDI5n4Zu,0,0
c21bc840cbe8b66eaa21f5ee89014837,Getting some research done in between outfit changes.  #Standby #makeup #hair #fashion #photoshoot http://t.co/wTPzT2POIb,0,0
c21bc840cbe8b66eaa21f5ee89014837,Power nap during lunch break #model #behindthescenes #photoshoot #makeup #hair #fashion http://t.co/IAfnvcA8r6,0,0
c21bc840cbe8b66eaa21f5ee89014837,Going corporate today! #TedCity #TimeCenter #nyc #makeup #hair http://t.co/LutlujggF0,0,0
7569ed39dd84581ed679cff14fab72ce,"Social Media: Healthline Networks, Inc. http://t.co/Y13pQ21ExR",0,0
7569ed39dd84581ed679cff14fab72ce,Service is quicker at bar. (@ Ru San's) on #Yelp http://t.co/mP9H0bPgmD,0,0
7569ed39dd84581ed679cff14fab72ce,"No coffee for bfast, makes Lindsey a dull girl....",0,0
7569ed39dd84581ed679cff14fab72ce,@designsponge I use clear and I LOVE IT.  I have recommended it to parents and friends.,0,0
7569ed39dd84581ed679cff14fab72ce,Design Notebook:Bertoia Diamond Chair: http://t.co/cj3IDOI,0,0
7569ed39dd84581ed679cff14fab72ce,"Long time, no see  :-(",0,0
7569ed39dd84581ed679cff14fab72ce,What a twat! ---&gt; http://www.guardian.co.uk/politics/2011/apr/01/david-willetts-feminism-lack-of-jobs,0,0
7569ed39dd84581ed679cff14fab72ce,"Charlie Sheen gets booed in #detroit,responds ""I've already got your money, dude."" Jokes' on those who spent $ to see that mess.April Fools!",0,0
7569ed39dd84581ed679cff14fab72ce,&lt;---- Definitely not an #uglyassvirgo. @TheDailyVirgo,0,0
7569ed39dd84581ed679cff14fab72ce,scoutmob.com/revel/scoutmobangel,0,0
7569ed39dd84581ed679cff14fab72ce,"Seriously thinking about shutting down the blog, re-branding myself and starting allll over again.  Hmmmm...Yes, I'm tweeting on a Saturday.",0,0
7569ed39dd84581ed679cff14fab72ce,@habituallychic Oh...I hate when that happens :-(,0,0
7569ed39dd84581ed679cff14fab72ce,#propagrindin# ?  @idriselba ...love that twitter is the source of all my favorite new neologisms...,0,0
7569ed39dd84581ed679cff14fab72ce,Oh em gee .... these allergies are.  I'm so allergied-up that I can't finish my sentence.,0,0
7569ed39dd84581ed679cff14fab72ce,"@bastylefilegirl Someone tell JHud to get her man.  That's tacky, with a T.",0,0
9d31195f7db4e8f80c98c1f1417e7bf3,@ashanjay hi! Where can I find all shortcodes and examples for myeventon? thanks.,0,0
9d31195f7db4e8f80c98c1f1417e7bf3,Playstation me da motivos para no comprar Playstation. Gracias. http://t.co/UC1Y9hUfJv,0,0
9d31195f7db4e8f80c98c1f1417e7bf3,whatisthis? #MartinFierro,0,0
9d31195f7db4e8f80c98c1f1417e7bf3,A P T R A,0,0
9d31195f7db4e8f80c98c1f1417e7bf3,@chelologu re heavy!!! Localocaloca,0,0
9d31195f7db4e8f80c98c1f1417e7bf3,@Cris_telefe hermosa foto!,0,0
9d31195f7db4e8f80c98c1f1417e7bf3,"Empec? a ver ""House of cards"", muy bueno el primer episodio!",0,0
9d31195f7db4e8f80c98c1f1417e7bf3,Twitter y sus rayitas celestes y rosas. Atenti Luber...,0,0
9d31195f7db4e8f80c98c1f1417e7bf3,"@BlackDeathStar ah claro, gracias!",0,0
9d31195f7db4e8f80c98c1f1417e7bf3,Farsantessss ssssha,0,0
9d31195f7db4e8f80c98c1f1417e7bf3,@foier crousing for a brousing,0,0
9d31195f7db4e8f80c98c1f1417e7bf3,"Todo mi amor para Homeland, The Walking Dead, The Killing y House of Cards #Emmys",0,0
9d31195f7db4e8f80c98c1f1417e7bf3,?Olivier Martinez o Robert Downey Jr. andan por ah?? #Emmys,0,0
9d31195f7db4e8f80c98c1f1417e7bf3,Un whisky doble para mi.,0,0
9d31195f7db4e8f80c98c1f1417e7bf3,"All you need is love, Homeland y chocolates.",0,0
3957c9a5dbf218a115b3e9e22682d28c,"Mola mucho, mucho, el logo del Forest Pedagogics Congress http://t.co/rK7MbwAvKn",0,0
3957c9a5dbf218a115b3e9e22682d28c,Health and Forest http://t.co/9DCigLMZgy,0,0
3957c9a5dbf218a115b3e9e22682d28c,Qu? gran regalo! Gracias forestales http://t.co/v9E09cqCKn,0,0
3957c9a5dbf218a115b3e9e22682d28c,Doble h?lice http://t.co/ljbkwoqcnu,0,0
3957c9a5dbf218a115b3e9e22682d28c,La mejor forma de combatir el espionaje es no esconder nada #NSA #LeslieNielsen #transparencia,0,0
3957c9a5dbf218a115b3e9e22682d28c,?Y si los ciudadanos contratamos a la #NSA para saber qu? hacen nuestros pol?ticos?  #LeslieNielsen #transparencia,0,0
3957c9a5dbf218a115b3e9e22682d28c,"Me gusta que empiece a hablarse de ""Lean Government"". Muy ligado al ""Agile Management"" #oGov http://t.co/v1D64a7Zh5",0,0
3957c9a5dbf218a115b3e9e22682d28c,"@Topocorleone Es mutuo, compay",0,0
3957c9a5dbf218a115b3e9e22682d28c,Slow is beautiful http://t.co/eB4GwrRVvF,0,0
3957c9a5dbf218a115b3e9e22682d28c,Euskadi Egun zoriontsua! http://t.co/5ubHlwsvds,0,0
3957c9a5dbf218a115b3e9e22682d28c,@HelenaMatute pero m?s parecidos entre s? que a sus padres adoptivos #JudithHarris,0,0
3957c9a5dbf218a115b3e9e22682d28c,"""La administraci?n electr?nica ha muerto. Descanse en paz | Blog esPublico.es"" good read http://t.co/wdIXlS3AUJ",0,0
3957c9a5dbf218a115b3e9e22682d28c,"@Ferhg75 s?, la Agencia Tributaria lo ha hecho bien",0,0
3957c9a5dbf218a115b3e9e22682d28c,La Fiscal?a Anticorrupci?n gana el Premio Nacional de Gui?ol http://t.co/JrA4ecg7Od via @rokambolnews,0,0
3957c9a5dbf218a115b3e9e22682d28c,La avalancha de dinero sobre Espa?a obliga a cerrar siete puertos de monta?a http://t.co/Nqf7YpSEU6 via @rokambolnews,0,0
379271f0f0439b28c2983bc1b4a4a3bf,"Future U.S. growth by region ... heat-mapped

http://t.co/Y6V4zd43qp
#realestate #property #Colorado #homes #Realtor #Longmont #retirement",0,0
379271f0f0439b28c2983bc1b4a4a3bf,"5 cities on the housing rebound: where to buy 

http://t.co/axAVYwIVSX via @YahooHomes
#property #realestate #Realtor #Colorado #retirement",0,0
379271f0f0439b28c2983bc1b4a4a3bf,"5 Helpful Tips to Ensure Your Attic is Ready for Winter http://t.co/MUZLKnc6SJ
#realestate #property #homes #Colorado #retirement",0,0
379271f0f0439b28c2983bc1b4a4a3bf,"We'll tell our grandchildren about this one

#longmontflood #coloradoflood",0,0
379271f0f0439b28c2983bc1b4a4a3bf,"Colorado battles historic flooding; more rain to come

http://t.co/NnIresTBVf via @USATODAY
#Longmontflood #coflood",0,0
379271f0f0439b28c2983bc1b4a4a3bf,"Rain is coming down in County Road 1 and Ninth Ave. area.  

#longmontflood",0,0
379271f0f0439b28c2983bc1b4a4a3bf,"Home builders most confident in almost eight years - Economic Report 

http://t.co/CjqkSsQBM9 via @MarketWatch
#realestate #property",0,0
379271f0f0439b28c2983bc1b4a4a3bf,"Why you should buy a house before 2014 - Yahoo Homes 

http://t.co/Gkc9Mai21d via @YahooHomes
#realestate #property #colorado",0,0
379271f0f0439b28c2983bc1b4a4a3bf,"Man run over, killed by dump truck while repairing Colorado flood site - The Denver Post 

http://t.co/ra0lm7KxMg via @denverpost
#coflood",0,0
379271f0f0439b28c2983bc1b4a4a3bf,"Green &amp; gorgeous homes: Can they command a premium?

http://t.co/U83fhCxjnz
#realestate #property #builder",0,0
379271f0f0439b28c2983bc1b4a4a3bf,"5 Habits That Can Wreck Your Credit - Yahoo Finance 

http://t.co/XL3SQzx4Ni via @YahooFinance
#realestate #property",0,0
379271f0f0439b28c2983bc1b4a4a3bf,"Scientists: Colorado flooding was 'un-precedented'

http://t.co/nmSLNBlm60 via @usatoday
#coflood #Colorado #Longmontflood",0,0
379271f0f0439b28c2983bc1b4a4a3bf,"Some Longmont businesses face long road back after flood - Longmont Times-Call http://t.co/NdQONN2wUD via @timescall

#Longmontflood",0,0
379271f0f0439b28c2983bc1b4a4a3bf,"7 fun housewarming gifts
http://t.co/Csow6wWKYm

#realestate #Realtor #Colorado",0,0
379271f0f0439b28c2983bc1b4a4a3bf,"How HARP Can Put Money in Your Pocket 

http://t.co/zHqk2XVmXC via @YahooHomes

#property #retire",0,0
c351f0549751d08b36c544118779cddc,@Inspirationf: 5 Reasons You Might Not Want to Use WordPress http://t.co/zMR173ZFPr - some good points &amp; possible alternatives @Oasis_500,0,0
c351f0549751d08b36c544118779cddc,"Government snooping will destroy U.S. tech industry/market: @newsycombinator: Snowden Disclosures: 12 on a Scale 10 http://t.co/7M646LkBdF""",0,0
c351f0549751d08b36c544118779cddc,@kanaafa @nfarouky Please come visit @Oasis_500 bootcamp #23 -sponsors: @StateDept &amp; @USEmbassyJordan - 55 #Entrepreneurs started yesterday,0,0
c351f0549751d08b36c544118779cddc,Thank you @samerasfour for visiting us at @Oasis_500 #t50023 http://t.co/crfsTjFM6S great advice and such positive words of wisdom!,0,0
c351f0549751d08b36c544118779cddc,"From Econ Office, Royal Hashemite Court: @samerasfour visits @oasis_500 #entreperneurs: valuable advice/motivation http://t.co/GHOeHMUs0B",0,0
c351f0549751d08b36c544118779cddc,Such positive energy for #JO @samerasfour thanks so much for interactive session w/ @Oasis_500 bootcamp wave23 http://t.co/SuqTRYqo3q,0,0
c351f0549751d08b36c544118779cddc,@mayadalhaj thank u for thcomments and thanks @Training500 @dramjj,0,0
c351f0549751d08b36c544118779cddc,@mayadalhaj thanks 4 comments; thanks @samerasfour @dramjj for visiting @Oasis_500 #Entrepreneurs BootCamp sponsored by @USEmbassyJordan,0,0
c351f0549751d08b36c544118779cddc,Meet Bootcamp 23 @Oasis_500: 57 #entrepreneurs sponsored by @USEmbassyJordan &amp; @kafdJordan http://t.co/SbnEC35DbA photo w/ @dramjj #t50023,0,0
c351f0549751d08b36c544118779cddc,US Ambassador Stuart Jones @USEmbassyJordan &amp; @OmarRazzaz @KAFDJordan at @Oasis_500 #t50023 http://t.co/M1vaqxPbWU supporting #Entrepreneurs,0,0
c351f0549751d08b36c544118779cddc,Ambassador Suart Jones @USEmbassyJordan @OmarRazzaz chairman @KAFDJordan advising #entrepreneurs #t50023 @Oasis_500 http://t.co/HG3VMgdWPt,0,0
c351f0549751d08b36c544118779cddc,59 #Entrepreneurs w/ Ambassador Jones @USEmbassyJordan thank you and @KAFDJordan for supporting @Oasis_500 training http://t.co/VXKFhckhKf,0,0
c351f0549751d08b36c544118779cddc,@MoAbuGhosh thank u and thanks for coming to @Oasis_500  @oimshi @salwakat @LubnaTaimeh @KSamakie @sereneshalan @Training500,0,0
c351f0549751d08b36c544118779cddc,@petraorfali Thanks for attending #t50023 @Oasis_500 &amp; for @ShopGoME photo #Amman #Jo #Syria http://t.co/QJrILhYQjv http://t.co/eKRFejFECq,0,0
c351f0549751d08b36c544118779cddc,Good advice via @WamdaME: 5 tips to set you on the right path for your company page on Facebook: http://t.co/GBRk66Iz9y @Oasis_500,0,0
72f48c45c2d4129aeae64b7f75b88091,@RaulTadeomx besos Raul !,0,0
72f48c45c2d4129aeae64b7f75b88091,@ga_pedraza gracias Gustavo !,0,0
72f48c45c2d4129aeae64b7f75b88091,@javierpantoja7 graciaaas Javier,0,0
72f48c45c2d4129aeae64b7f75b88091,@RbyEsqueda hooola,0,0
72f48c45c2d4129aeae64b7f75b88091,@javierpantoja7 gracias Javier,0,0
72f48c45c2d4129aeae64b7f75b88091,Es mi cacle favorito,0,0
72f48c45c2d4129aeae64b7f75b88091,"@timmytaz mi correo 
Adela@televisa.com.mx",0,0
72f48c45c2d4129aeae64b7f75b88091,@rogergzz gracias Roger ! Un beso,0,0
72f48c45c2d4129aeae64b7f75b88091,@flaiifoto jajajajajajajajajajaja graaaacias,0,0
72f48c45c2d4129aeae64b7f75b88091,#mancerahazmeunparo,0,0
72f48c45c2d4129aeae64b7f75b88091,@Lilykintero2 gracias Lily,0,0
72f48c45c2d4129aeae64b7f75b88091,@GUILLERMORANGE4 besooooos,0,0
72f48c45c2d4129aeae64b7f75b88091,@ULUAHOTEL adela@televisa.com.mx,0,0
72f48c45c2d4129aeae64b7f75b88091,@barronbarron042 hoola Frank,0,0
72f48c45c2d4129aeae64b7f75b88091,@oskar_yu jajajajaja un beso,0,0
1bd1f3156c40d1c120959eddd4b3c189,I Never get the Good Ones! How many Paper to Review? http://t.co/WvzJB7pylW,0,0
1bd1f3156c40d1c120959eddd4b3c189,@ian_soboroff Nothing about the collections/methodologies developed at CLEF and INEX?,0,0
1bd1f3156c40d1c120959eddd4b3c189,Prepare for the New Permanent Temp - @HarvardBiz http://t.co/B0z5byFi1Z,0,0
1bd1f3156c40d1c120959eddd4b3c189,"@ian_soboroff Piwowarski et al. Sound and Complete Relevance Assessment for XML Retrieval, ACM TOIS, 27(1), Article 1, 37 pages, 2008.",0,0
1bd1f3156c40d1c120959eddd4b3c189,"@ian_soboroff Ogilvie &amp; Lalmas. Investigating the Exhaustivity Dimension in Content-Oriented XML Element Retrieval Evaluation, CIKM 2006.",0,0
1bd1f3156c40d1c120959eddd4b3c189,"@ian_soboroff Trotman &amp; Lalmas. Why Structural Hints in Queries do not Help XML Retrieval, ACM SIGIR August 2006 (Poster).",0,0
1bd1f3156c40d1c120959eddd4b3c189,"@ian_soboroff Have sent you a selection which is about what we did, what worked and what didn't (sent only those co-authored by me).",0,0
1bd1f3156c40d1c120959eddd4b3c189,Google Maps wipes out Scottish island of Jura http://t.co/U5lRkFt5Ij,0,0
1bd1f3156c40d1c120959eddd4b3c189,"Agree ""A dinosaur hangs up his claws: why I am leaving the EPSRC College of Peers"" the ending kind of says it all! http://t.co/U15Vnl878b",0,0
1bd1f3156c40d1c120959eddd4b3c189,"""Big Science vs. Little Science: How Scientific Impact Scales with Funding"" It seems it does not!!! http://t.co/DZDZxTWumH",0,0
1bd1f3156c40d1c120959eddd4b3c189,Yes right!!! Senior Pakistani Taliban leader 'shocked' by Malala attack http://t.co/SjXeOxopIw,0,0
1bd1f3156c40d1c120959eddd4b3c189,Counting crowds http://t.co/jdf8RlRlC6,0,0
1bd1f3156c40d1c120959eddd4b3c189,Stevie Wonders Florida Boycott: His Zimmerman verdict protest is savvy and important. http://t.co/ixgvaAvzgb,0,0
1bd1f3156c40d1c120959eddd4b3c189,Arghh! Wished that workshop submissions were all a max of 4 pages ... not full 10 pages ... arghh arghh.,0,0
1bd1f3156c40d1c120959eddd4b3c189,Yes! - Fifa loses free-to-air World Cup TV battle in the UK http://t.co/UBdFMnMcg4,0,0
e1780e792c3c33bdd1949638e08f5e6c,The Surprising Science of How To Be Happy By Spending Money http://t.co/oQ0O2Ui5r1,0,0
e1780e792c3c33bdd1949638e08f5e6c,"Susan G. Komen sues smaller charities that use pink and the phrase ""for the cure"" http://huff.to/fGHigV",0,0
e1780e792c3c33bdd1949638e08f5e6c,making fresh wheat grass/strawberry juice,0,0
e1780e792c3c33bdd1949638e08f5e6c,Thanks @vicvrana for the shout out to share knowledge about nonprofits @GreatNonprofits at #socap13,0,0
e1780e792c3c33bdd1949638e08f5e6c,My latest post: Keep It Simple - Lessons On Feedback Tools for Nonprofits | LinkedIn http://t.co/EFwaJOmqmc,0,0
e1780e792c3c33bdd1949638e08f5e6c,I'm hiring! VP Business Development at GreatNonprofits - San Francisco Bay Area #jobs http://t.co/kPzphDpDJj,0,0
e1780e792c3c33bdd1949638e08f5e6c,My latest blog:  How Much Money To Leave Your Children? | LinkedIn http://t.co/EgKGTkwhIP,0,0
e1780e792c3c33bdd1949638e08f5e6c,"Great presentation by @StacyDon on gov procurement reform #CfASummit. Results in more competition, access for small biz and transparency",0,0
e1780e792c3c33bdd1949638e08f5e6c,@Aaron_Hurst says people are looking for purpose and self-expression.  At the Social Venture Partners summit #svp13.,0,0
e1780e792c3c33bdd1949638e08f5e6c,@hmcgrant says leaders are system thinkers and relationship builders . Leadership is not about the lone hero. #svp13 summit.,0,0
e1780e792c3c33bdd1949638e08f5e6c,"My post on ""How to help the Phillippines"" on LinkedIn http://t.co/y2NE48NajR",0,0
e1780e792c3c33bdd1949638e08f5e6c,"@parkertweetman @GreatNonprofits  Thanks Parker Blackman, one of our awesome board members!",0,0
e1780e792c3c33bdd1949638e08f5e6c,What awesome karma in the air today with so many of you supporting nonprofits! Love and gratitude all around! http://t.co/qoC6PCJ0Fp,0,0
e1780e792c3c33bdd1949638e08f5e6c,"Hey, our friends at JustGive are hiring for Director of Product Management!  Check it out http://t.co/A62XJsOhc3",0,0
e1780e792c3c33bdd1949638e08f5e6c,Congrats!  @GivingTues @PayPal and @clamlorenz,0,0
5a11da0afbaa622bcc950fb626e7ad08,I posted a new photo to Facebook http://t.co/FjJIjqAKtN,0,0
5a11da0afbaa622bcc950fb626e7ad08,I posted a new photo to Facebook http://t.co/kp6uo3kP2v,0,0
5a11da0afbaa622bcc950fb626e7ad08,Oh let it snow let it snow let it snow..... http://t.co/tBIujpKKa9,0,0
5a11da0afbaa622bcc950fb626e7ad08,I'm going to save my public voice largely for the issues where I have some depth. ~ Bill Gates,0,0
5a11da0afbaa622bcc950fb626e7ad08,"Your mind knows only some things. Your inner voice, your instinct, knows everything. If you listen to what you... http://t.co/RHuu3YyBIW",0,0
5a11da0afbaa622bcc950fb626e7ad08,Not so little anymore Ava on her chair! http://t.co/BLDRw75mDF,0,0
5a11da0afbaa622bcc950fb626e7ad08,Takin'the leap into the world of VO! Two audiobooks in production on ACX. Keep me in mind if you have a project I... http://t.co/O08PmsZHgh,0,0
5a11da0afbaa622bcc950fb626e7ad08,Good Monday morning of Christmas week I hope you all get some R &amp; R as we gear up for 2014 &lt;3. http://t.co/XVAhhzAPdb,0,0
5a11da0afbaa622bcc950fb626e7ad08,Progress in albany... http://t.co/rjgXtX8nID,0,0
5a11da0afbaa622bcc950fb626e7ad08,"The best gifts in life will never be found under a Christmas tree, those gifts are friends, family, children &amp;... http://t.co/2KFi0OqQNA",0,0
5a11da0afbaa622bcc950fb626e7ad08,Holiday Cheer!!! http://t.co/UCptro3dj7,0,0
5a11da0afbaa622bcc950fb626e7ad08,Emmy and little friend... http://t.co/okSS3Bd3gt,0,0
5a11da0afbaa622bcc950fb626e7ad08,Awesome New Year Celebration. Thank you Len &amp; Jyl DeGiovine &lt;3 http://t.co/uo0PcOnXq6,0,0
5a11da0afbaa622bcc950fb626e7ad08,With conscience.....excellent read... http://t.co/KHl5Iw0dwp,0,0
5a11da0afbaa622bcc950fb626e7ad08,friends....it only takes a moment..... http://t.co/eJeefJQRNi,0,0
